PassengerId,Survived,Sex,Age,Fare,Pclass_1,Pclass_2,Pclass_3,Family_size
1,0,1,0.275,0.014151058,0,0,1,0.1
2,1,0,0.475,0.139135735,1,0,0,0.1
3,1,0,0.325,0.01546857,0,0,1,0
4,1,0,0.4375,0.103644297,1,0,0,0.1
5,0,1,0.4375,0.015712554,0,0,1,0
6,0,1,0.35,0.016509502,0,0,1,0
7,0,1,0.675,0.101228858,1,0,0,0
8,0,1,0.025,0.04113566,0,0,1,0.4
9,1,0,0.3375,0.021730754,0,0,1,0.2
10,1,0,0.175,0.058694293,0,1,0,0.1
11,1,0,0.05,0.032596229,0,0,1,0.2
12,1,0,0.725,0.051822149,1,0,0,0
13,0,1,0.25,0.015712554,0,0,1,0
14,0,1,0.4875,0.061044735,0,0,1,0.6
15,0,0,0.175,0.015330377,0,0,1,0
16,1,0,0.6875,0.03122992,0,1,0,0
17,0,1,0.025,0.056848214,0,0,1,0.5
18,1,1,0.35,0.02537431,0,1,0,0
19,0,0,0.3875,0.03513366,0,0,1,0.1
20,1,0,0.35,0.014102261,0,0,1,0
21,0,1,0.4375,0.05074862,0,1,0,0
22,1,1,0.425,0.02537431,0,1,0,0
23,1,0,0.1875,0.015671955,0,0,1,0
24,1,1,0.35,0.069291385,1,0,0,0
25,0,0,0.1,0.04113566,0,0,1,0.4
26,1,0,0.475,0.06126432,0,0,1,0.6
27,0,1,0.35,0.014102261,0,0,1,0
28,0,1,0.2375,0.513341812,1,0,0,0.5
29,1,0,0.35,0.015379174,0,0,1,0
30,0,1,0.35,0.015411575,0,0,1,0
31,0,1,0.5,0.054107398,1,0,0,0
32,1,0,0.35,0.285989555,1,0,0,0.1
33,1,0,0.35,0.015126993,0,0,1,0
34,0,1,0.825,0.020494635,0,1,0,0
35,0,1,0.35,0.16038672,1,0,0,0.1
36,0,1,0.525,0.10149724,1,0,0,0.1
37,1,1,0.35,0.014110459,0,0,1,0
38,0,1,0.2625,0.015712554,0,0,1,0
39,0,0,0.225,0.03513366,0,0,1,0.2
40,1,0,0.175,0.021942337,0,0,1,0.1
41,0,0,0.5,0.018493968,0,0,1,0.1
42,0,0,0.3375,0.04098927,0,1,0,0.1
43,0,1,0.35,0.015411575,0,0,1,0
44,1,0,0.0375,0.081157193,0,1,0,0.3
45,1,0,0.2375,0.015379174,0,0,1,0
46,0,1,0.35,0.015712554,0,0,1,0
47,0,1,0.35,0.030253985,0,0,1,0.1
48,1,0,0.35,0.015126993,0,0,1,0
49,0,1,0.35,0.04231498,0,0,1,0.2
50,0,0,0.225,0.034743286,0,0,1,0.1
51,0,1,0.0875,0.077464841,0,0,1,0.5
52,0,1,0.2625,0.015224586,0,0,1,0
53,1,0,0.6125,0.149765424,1,0,0,0.1
54,1,0,0.3625,0.05074862,0,1,0,0.1
55,0,1,0.8125,0.120975342,1,0,0,0.1
56,1,1,0.35,0.069291385,1,0,0,0
57,1,0,0.2625,0.020494635,0,1,0,0
58,0,1,0.35625,0.014110459,0,0,1,0
59,1,0,0.0625,0.054164393,0,1,0,0.3
60,0,1,0.1375,0.091542703,0,0,1,0.7
61,0,1,0.275,0.014110459,0,0,1,0
62,1,0,0.475,0.156149601,1,0,0,0
63,0,1,0.5625,0.162932349,1,0,0,0.1
64,0,1,0.05,0.054457173,0,0,1,0.5
65,0,1,0.35,0.054107398,1,0,0,0
66,1,1,0.35,0.02975782,0,0,1,0.2
67,1,0,0.3625,0.020494635,0,1,0,0
68,0,1,0.2375,0.015923941,0,0,1,0
69,1,0,0.2125,0.01546857,0,0,1,0.6
70,0,1,0.325,0.016908074,0,0,1,0.2
71,0,1,0.4,0.020494635,0,1,0,0
72,0,0,0.2,0.091542703,0,0,1,0.7
73,0,1,0.2625,0.143462446,0,1,0,0
74,0,1,0.325,0.028212719,0,0,1,0.1
75,1,1,0.4,0.110272458,0,0,1,0
76,0,1,0.3125,0.014931806,0,0,1,0
77,0,1,0.35,0.015411575,0,0,1,0
78,0,1,0.35,0.015712554,0,0,1,0
79,1,1,0.010375,0.05660423,0,1,0,0.2
80,1,0,0.375,0.024349578,0,0,1,0
81,0,1,0.275,0.01756683,0,0,1,0
82,1,1,0.3625,0.018542765,0,0,1,0
83,1,0,0.35,0.015200188,0,0,1,0
84,0,1,0.35,0.091933077,1,0,0,0
85,1,0,0.2125,0.020494635,0,1,0,0
86,1,0,0.4125,0.03093714,0,0,1,0.3
87,0,1,0.2,0.067095532,0,0,1,0.4
88,0,1,0.35,0.015712554,0,0,1,0
89,1,0,0.2875,0.513341812,1,0,0,0.5
90,0,1,0.3,0.015712554,0,0,1,0
91,0,1,0.3625,0.015712554,0,0,1,0
92,0,1,0.25,0.015330377,0,0,1,0
93,0,1,0.575,0.119405648,1,0,0,0.1
94,0,1,0.325,0.040159725,0,0,1,0.3
95,0,1,0.7375,0.014151058,0,0,1,0
96,0,1,0.35,0.015712554,0,0,1,0
97,0,1,0.8875,0.067640494,1,0,0,0
98,1,1,0.2875,0.123667166,1,0,0,0.1
99,1,0,0.425,0.04489301,0,1,0,0.1
100,0,1,0.425,0.05074862,0,1,0,0.1
101,0,0,0.35,0.015411575,0,0,1,0
102,0,1,0.35,0.015411575,0,0,1,0
103,0,1,0.2625,0.150855153,1,0,0,0.1
104,0,1,0.4125,0.016891873,0,0,1,0
105,0,1,0.4625,0.01546857,0,0,1,0.2
106,0,1,0.35,0.015411575,0,0,1,0
107,1,0,0.2625,0.014931806,0,0,1,0
108,1,1,0.35,0.015175789,0,0,1,0
109,0,1,0.475,0.015411575,0,0,1,0
110,1,0,0.35,0.047137661,0,0,1,0.1
111,0,1,0.5875,0.10149724,1,0,0,0
112,0,0,0.18125,0.028212719,0,0,1,0.1
113,0,1,0.275,0.015712554,0,0,1,0
114,0,0,0.25,0.019177123,0,0,1,0.1
115,0,0,0.2125,0.028220722,0,0,1,0
116,0,1,0.2625,0.01546857,0,0,1,0
117,0,1,0.88125,0.015126993,0,0,1,0
118,0,1,0.3625,0.04098927,0,1,0,0.1
119,0,1,0.3,0.483128426,1,0,0,0.1
120,0,0,0.025,0.061044735,0,0,1,0.6
121,0,1,0.2625,0.143462446,0,1,0,0.2
122,0,1,0.35,0.015712554,0,0,1,0
123,0,1,0.40625,0.058694293,0,1,0,0.1
124,1,0,0.40625,0.02537431,0,1,0,0
125,0,1,0.675,0.150855153,1,0,0,0.1
126,1,1,0.15,0.021942337,0,0,1,0.1
127,0,1,0.35,0.015126993,0,0,1,0
128,1,1,0.3,0.01393967,0,0,1,0
129,1,0,0.35,0.043640495,0,0,1,0.2
130,0,1,0.5625,0.013614293,0,0,1,0
131,0,1,0.4125,0.015411575,0,0,1,0
132,0,1,0.25,0.013760684,0,0,1,0
133,0,0,0.5875,0.028302115,0,0,1,0.1
134,1,0,0.3625,0.05074862,0,1,0,0.1
135,0,1,0.3125,0.02537431,0,1,0,0
136,0,1,0.2875,0.029367446,0,1,0,0
137,1,0,0.2375,0.051301585,1,0,0,0.2
138,0,1,0.4625,0.103644297,1,0,0,0.1
139,0,1,0.2,0.0179898,0,0,1,0
140,0,1,0.3,0.154588105,1,0,0,0
141,0,0,0.35,0.02975782,0,0,1,0.2
142,1,0,0.275,0.015126993,0,0,1,0
143,1,0,0.3,0.03093714,0,0,1,0.1
144,0,1,0.2375,0.013175123,0,0,1,0
145,0,1,0.225,0.022446505,0,1,0,0
146,0,1,0.2375,0.071731223,0,1,0,0.2
147,1,1,0.3375,0.015216388,0,0,1,0
148,0,0,0.1125,0.067095532,0,0,1,0.4
149,0,1,0.45625,0.05074862,0,1,0,0.2
150,0,1,0.525,0.02537431,0,1,0,0
151,0,1,0.6375,0.024447172,0,1,0,0
152,1,0,0.275,0.129994543,1,0,0,0.1
153,0,1,0.69375,0.015712554,0,0,1,0
154,0,1,0.50625,0.028302115,0,0,1,0.2
155,0,1,0.35,0.014273049,0,0,1,0
156,0,1,0.6375,0.11980422,1,0,0,0.1
157,1,0,0.2,0.015094396,0,0,1,0
158,0,1,0.375,0.015712554,0,0,1,0
159,0,1,0.35,0.016908074,0,0,1,0
160,0,1,0.35,0.135752559,0,0,1,1
161,0,1,0.55,0.031425107,0,0,1,0.1
162,1,0,0.5,0.030741953,0,1,0,0
163,0,1,0.325,0.015175789,0,0,1,0
164,0,1,0.2125,0.016908074,0,0,1,0
165,0,1,0.0125,0.077464841,0,0,1,0.5
166,1,1,0.1125,0.040062132,0,0,1,0.2
167,1,0,0.35,0.10735285,1,0,0,0.1
168,0,0,0.5625,0.054457173,0,0,1,0.5
169,0,1,0.35,0.05060223,1,0,0,0
170,0,1,0.35,0.110272458,0,0,1,0
171,0,1,0.7625,0.065387645,1,0,0,0
172,0,1,0.05,0.056848214,0,0,1,0.5
173,1,0,0.0125,0.021730754,0,0,1,0.2
174,0,1,0.2625,0.01546857,0,0,1,0
175,0,1,0.7,0.059914211,1,0,0,0
176,0,1,0.225,0.015330377,0,0,1,0.2
177,0,1,0.35,0.049707688,0,0,1,0.4
178,0,0,0.625,0.056043068,1,0,0,0
179,0,1,0.375,0.02537431,0,1,0,0
180,0,1,0.45,0,0,0,1,0
181,0,0,0.35,0.135752559,0,0,1,1
182,0,1,0.35,0.029375644,0,1,0,0
183,0,1,0.1125,0.06126432,0,0,1,0.6
184,1,1,0.0125,0.07612293,0,1,0,0.3
185,1,0,0.05,0.042989937,0,0,1,0.2
186,0,1,0.35,0.0975935,1,0,0,0
187,1,0,0.35,0.030253985,0,0,1,0.1
188,1,1,0.5625,0.051822149,1,0,0,0
189,0,1,0.5,0.030253985,0,0,1,0.2
190,0,1,0.45,0.015411575,0,0,1,0
191,1,0,0.4,0.02537431,0,1,0,0
192,0,1,0.2375,0.02537431,0,1,0,0
193,1,0,0.2375,0.015330377,0,0,1,0.1
194,1,1,0.0375,0.05074862,0,1,0,0.2
195,1,0,0.55,0.054107398,1,0,0,0
196,1,0,0.725,0.285989555,1,0,0,0
197,0,1,0.35,0.015126993,0,0,1,0
198,0,1,0.525,0.016403906,0,0,1,0.1
199,1,0,0.35,0.015126993,0,0,1,0
200,0,0,0.3,0.02537431,0,1,0,0
201,0,1,0.35,0.018542765,0,0,1,0
202,0,1,0.35,0.135752559,0,0,1,1
203,0,1,0.425,0.012678957,0,0,1,0
204,0,1,0.56875,0.014102261,0,0,1,0
205,1,1,0.225,0.015712554,0,0,1,0
206,0,0,0.025,0.02042144,0,0,1,0.1
207,0,1,0.4,0.03093714,0,0,1,0.1
208,1,1,0.325,0.036670758,0,0,1,0
209,1,0,0.2,0.015126993,0,0,1,0
210,1,1,0.5,0.06050797,1,0,0,0
211,0,1,0.3,0.013760684,0,0,1,0
212,1,0,0.4375,0.04098927,0,1,0,0
213,0,1,0.275,0.014151058,0,0,1,0
214,0,1,0.375,0.02537431,0,1,0,0
215,0,1,0.35,0.015126993,0,0,1,0.1
216,1,0,0.3875,0.221098075,1,0,0,0.1
217,1,0,0.3375,0.01546857,0,0,1,0
218,0,1,0.525,0.05270049,0,1,0,0.1
219,1,0,0.4,0.148911481,1,0,0,0
220,0,1,0.375,0.020494635,0,1,0,0
221,1,1,0.2,0.015712554,0,0,1,0
222,0,1,0.3375,0.02537431,0,1,0,0
223,0,1,0.6375,0.015712554,0,0,1,0
224,0,1,0.35,0.015411575,0,0,1,0
225,1,1,0.475,0.175668301,1,0,0,0.1
226,0,1,0.275,0.018249985,0,0,1,0
227,1,1,0.2375,0.020494635,0,1,0,0
228,0,1,0.25625,0.014151058,0,0,1,0
229,0,1,0.225,0.02537431,0,1,0,0
230,0,0,0.35,0.049707688,0,0,1,0.4
231,1,0,0.4375,0.162932349,1,0,0,0.1
232,0,1,0.3625,0.015175789,0,0,1,0
233,0,1,0.7375,0.026350245,0,1,0,0
234,1,0,0.0625,0.06126432,0,0,1,0.6
235,0,1,0.3,0.020494635,0,1,0,0
236,0,0,0.35,0.014736619,0,0,1,0
237,0,1,0.55,0.05074862,0,1,0,0.1
238,1,0,0.1,0.051236588,0,1,0,0.2
239,0,1,0.2375,0.020494635,0,1,0,0
240,0,1,0.4125,0.023959204,0,1,0,0
241,0,0,0.35,0.028212719,0,0,1,0.1
242,1,0,0.35,0.030253985,0,0,1,0.1
243,0,1,0.3625,0.020494635,0,1,0,0
244,0,1,0.275,0.013907074,0,0,1,0
245,0,1,0.375,0.014102261,0,0,1,0
246,0,1,0.55,0.175668301,1,0,0,0.2
247,0,0,0.3125,0.015175789,0,0,1,0
248,1,0,0.3,0.028302115,0,1,0,0.2
249,1,1,0.4625,0.102578967,1,0,0,0.2
250,0,1,0.675,0.05074862,0,1,0,0.1
251,0,1,0.35,0.014151058,0,0,1,0
252,0,0,0.3625,0.02042144,0,0,1,0.2
253,0,1,0.775,0.051822149,1,0,0,0
254,0,1,0.375,0.031425107,0,0,1,0.1
255,0,0,0.5125,0.039452173,0,0,1,0.2
256,1,0,0.3625,0.02975782,0,0,1,0.2
257,1,0,0.35,0.154588105,1,0,0,0
258,1,0,0.375,0.168836756,1,0,0,0
259,1,0,0.4375,1,1,0,0,0
260,1,0,0.625,0.05074862,0,1,0,0.1
261,0,1,0.35,0.015126993,0,0,1,0
262,1,1,0.0375,0.06126432,0,0,1,0.6
263,0,1,0.65,0.155466446,1,0,0,0.2
264,0,1,0.5,0,1,0,0,0
265,0,0,0.35,0.015126993,0,0,1,0
266,0,1,0.45,0.020494635,0,1,0,0
267,0,1,0.2,0.077464841,0,0,1,0.5
268,1,1,0.3125,0.015175789,0,0,1,0.1
269,1,0,0.725,0.299538851,1,0,0,0.1
270,1,0,0.4375,0.26473857,1,0,0,0
271,0,1,0.35,0.06050797,1,0,0,0
272,1,1,0.3125,0,0,0,1,0
273,1,0,0.5125,0.038061465,0,1,0,0.1
274,0,1,0.4625,0.057970539,1,0,0,0.1
275,1,0,0.35,0.015126993,0,0,1,0
276,1,0,0.7875,0.152164468,1,0,0,0.1
277,0,0,0.5625,0.015126993,0,0,1,0
278,0,1,0.35,0,0,1,0,0
279,0,1,0.0875,0.056848214,0,0,1,0.5
280,1,0,0.4375,0.039525368,0,0,1,0.2
281,0,1,0.8125,0.015126993,0,0,1,0
282,0,1,0.35,0.015330377,0,0,1,0
283,0,1,0.2,0.018542765,0,0,1,0
284,1,1,0.2375,0.015712554,0,0,1,0
285,0,1,0.35,0.05074862,1,0,0,0
286,0,1,0.4125,0.016908074,0,0,1,0
287,1,1,0.375,0.018542765,0,0,1,0
288,0,1,0.275,0.015411575,0,0,1,0
289,1,1,0.525,0.02537431,0,1,0,0
290,1,0,0.275,0.015126993,0,0,1,0
291,1,0,0.325,0.15390495,1,0,0,0
292,1,0,0.2375,0.177774759,1,0,0,0.1
293,0,1,0.45,0.025130326,0,1,0,0
294,0,0,0.3,0.01727405,0,0,1,0
295,0,1,0.3,0.015411575,0,0,1,0
296,0,1,0.35,0.054107398,1,0,0,0
297,0,1,0.29375,0.014110459,0,0,1,0
298,0,0,0.025,0.2958059,1,0,0,0.3
299,1,1,0.35,0.059532035,1,0,0,0
300,1,0,0.625,0.483128426,1,0,0,0.1
301,1,0,0.35,0.015126993,0,0,1,0
302,1,1,0.35,0.045380978,0,0,1,0.2
303,0,1,0.2375,0,0,0,1,0
304,1,0,0.35,0.024105595,0,1,0,0
305,0,1,0.35,0.015712554,0,0,1,0
306,1,1,0.0115,0.2958059,1,0,0,0.3
307,1,0,0.35,0.216429788,1,0,0,0
308,1,0,0.2125,0.212558644,1,0,0,0.1
309,0,1,0.375,0.04684488,0,1,0,0.1
310,1,0,0.375,0.111118398,1,0,0,0
311,1,0,0.3,0.162314192,1,0,0,0
312,1,0,0.225,0.512121894,1,0,0,0.4
313,0,0,0.325,0.05074862,0,1,0,0.2
314,0,1,0.35,0.015411575,0,0,1,0
315,0,1,0.5375,0.051236588,0,1,0,0.2
316,1,0,0.325,0.015330377,0,0,1,0
317,1,0,0.3,0.05074862,0,1,0,0.1
318,0,1,0.675,0.02732618,0,1,0,0
319,1,0,0.3875,0.321798367,1,0,0,0.2
320,1,0,0.5,0.262526516,1,0,0,0.2
321,0,1,0.275,0.014151058,0,0,1,0
322,0,1,0.3375,0.015411575,0,0,1,0
323,1,0,0.375,0.024105595,0,1,0,0
324,1,0,0.275,0.05660423,0,1,0,0.2
325,0,1,0.35,0.135752559,0,0,1,1
326,1,0,0.45,0.26473857,1,0,0,0
327,0,1,0.7625,0.012174789,0,0,1,0
328,1,0,0.45,0.02537431,0,1,0,0
329,1,0,0.3875,0.040062132,0,0,1,0.2
330,1,0,0.2,0.113167862,1,0,0,0.1
331,1,0,0.35,0.045380978,0,0,1,0.2
332,0,1,0.56875,0.055628295,1,0,0,0
333,0,1,0.475,0.299538851,1,0,0,0.1
334,0,1,0.2,0.03513366,0,0,1,0.2
335,1,0,0.35,0.260867427,1,0,0,0.1
336,0,1,0.35,0.015411575,0,0,1,0
337,0,1,0.3625,0.129994543,1,0,0,0.1
338,1,0,0.5125,0.262526516,1,0,0,0
339,1,1,0.5625,0.015712554,0,0,1,0
340,0,1,0.5625,0.069291385,1,0,0,0
341,1,1,0.025,0.05074862,0,1,0,0.2
342,1,0,0.3,0.513341812,1,0,0,0.5
343,0,1,0.35,0.02537431,0,1,0,0
344,0,1,0.3125,0.02537431,0,1,0,0
345,0,1,0.45,0.02537431,0,1,0,0
346,1,0,0.3,0.02537431,0,1,0,0
347,1,0,0.5,0.02537431,0,1,0,0
348,1,0,0.35,0.031425107,0,0,1,0.1
349,1,1,0.0375,0.031034733,0,0,1,0.2
350,0,1,0.525,0.016908074,0,0,1,0
351,0,1,0.2875,0.018006001,0,0,1,0
352,0,1,0.35,0.06831545,1,0,0,0
353,0,1,0.1875,0.014110459,0,0,1,0.2
354,0,1,0.3125,0.034743286,0,0,1,0.1
355,0,1,0.35,0.014102261,0,0,1,0
356,0,1,0.35,0.018542765,0,0,1,0
357,1,0,0.275,0.10735285,1,0,0,0.1
358,0,0,0.475,0.02537431,0,1,0,0
359,1,0,0.35,0.015379174,0,0,1,0
360,1,0,0.35,0.015379174,0,0,1,0
361,0,1,0.5,0.054457173,0,0,1,0.5
362,0,1,0.3625,0.054107398,0,1,0,0.1
363,0,0,0.5625,0.028212719,0,0,1,0.1
364,0,1,0.4375,0.013760684,0,0,1,0
365,0,1,0.35,0.030253985,0,0,1,0.1
366,0,1,0.375,0.014151058,0,0,1,0
367,1,0,0.75,0.146878218,1,0,0,0.1
368,1,0,0.35,0.014110459,0,0,1,0
369,1,0,0.35,0.015126993,0,0,1,0
370,1,0,0.3,0.135264592,1,0,0,0
371,1,1,0.3125,0.108214991,1,0,0,0.1
372,0,1,0.225,0.012678957,0,0,1,0.1
373,0,1,0.2375,0.015712554,0,0,1,0
374,0,1,0.275,0.26473857,1,0,0,0
375,0,0,0.0375,0.04113566,0,0,1,0.4
376,1,0,0.35,0.16038672,1,0,0,0.1
377,1,0,0.275,0.014151058,0,0,1,0
378,0,1,0.3375,0.412820507,1,0,0,0.2
379,0,1,0.25,0.007831878,0,0,1,0
380,0,1,0.2375,0.015175789,0,0,1,0
381,1,0,0.525,0.444099224,1,0,0,0
382,1,0,0.0125,0.030725752,0,0,1,0.2
383,0,1,0.4,0.01546857,0,0,1,0
384,1,0,0.4375,0.10149724,1,0,0,0.1
385,0,1,0.35,0.015411575,0,0,1,0
386,0,1,0.225,0.143462446,0,1,0,0
387,0,1,0.0125,0.091542703,0,0,1,0.7
388,1,0,0.45,0.02537431,0,1,0,0
389,0,1,0.35,0.015086394,0,0,1,0
390,1,0,0.2125,0.02342244,0,1,0,0
391,1,1,0.45,0.234224401,1,0,0,0.3
392,1,1,0.2625,0.015216388,0,0,1,0
393,0,1,0.35,0.01546857,0,0,1,0.2
394,1,0,0.2875,0.221098075,1,0,0,0.1
395,1,0,0.3,0.032596229,0,0,1,0.2
396,0,1,0.275,0.015216388,0,0,1,0
397,0,0,0.3875,0.015330377,0,0,1,0
398,0,1,0.575,0.05074862,0,1,0,0
399,0,1,0.2875,0.020494635,0,1,0,0
400,1,0,0.35,0.024691156,0,1,0,0
401,1,1,0.4875,0.01546857,0,0,1,0
402,0,1,0.325,0.015712554,0,0,1,0
403,0,0,0.2625,0.019177123,0,0,1,0.1
404,0,1,0.35,0.03093714,0,0,1,0.1
405,0,0,0.25,0.016908074,0,0,1,0
406,0,1,0.425,0.04098927,0,1,0,0.1
407,0,1,0.6375,0.015126993,0,0,1,0
408,1,1,0.0375,0.036597563,0,1,0,0.2
409,0,1,0.2625,0.015175789,0,0,1,0
410,0,0,0.35,0.049707688,0,0,1,0.4
411,0,1,0.35,0.015411575,0,0,1,0
412,0,1,0.35,0.01338651,0,0,1,0
413,1,0,0.4125,0.175668301,1,0,0,0.1
414,0,1,0.35,0,0,1,0,0
415,1,1,0.55,0.01546857,0,0,1,0
416,0,0,0.35,0.015712554,0,0,1,0
417,1,0,0.425,0.063435775,0,1,0,0.2
418,1,0,0.225,0.02537431,0,1,0,0.2
419,0,1,0.375,0.02537431,0,1,0,0
420,0,0,0.125,0.047137661,0,0,1,0.2
421,0,1,0.35,0.015411575,0,0,1,0
422,0,1,0.2625,0.015094396,0,0,1,0
423,0,1,0.3625,0.015370976,0,0,1,0
424,0,0,0.35,0.028106928,0,0,1,0.2
425,0,1,0.225,0.039452173,0,0,1,0.2
426,0,1,0.35,0.014151058,0,0,1,0
427,1,0,0.35,0.05074862,0,1,0,0.1
428,1,0,0.2375,0.05074862,0,1,0,0
429,0,1,0.35,0.015126993,0,0,1,0
430,1,1,0.4,0.015712554,0,0,1,0
431,1,1,0.35,0.051822149,1,0,0,0
432,1,0,0.35,0.031425107,0,0,1,0.1
433,1,0,0.525,0.05074862,0,1,0,0.1
434,0,1,0.2125,0.013907074,0,0,1,0
435,0,1,0.625,0.109109533,1,0,0,0.1
436,1,0,0.175,0.234224401,1,0,0,0.3
437,0,0,0.2625,0.067095532,0,0,1,0.4
438,1,0,0.3,0.036597563,0,1,0,0.5
439,0,1,0.8,0.513341812,1,0,0,0.5
440,0,1,0.3875,0.020494635,0,1,0,0
441,1,0,0.5625,0.051236588,0,1,0,0.2
442,0,1,0.25,0.018542765,0,0,1,0
443,0,1,0.3125,0.015175789,0,0,1,0.1
444,1,0,0.35,0.02537431,0,1,0,0
445,1,1,0.35,0.015834545,0,0,1,0
446,1,1,0.05,0.159776761,1,0,0,0.2
447,1,0,0.1625,0.038061465,0,1,0,0.1
448,1,1,0.425,0.051822149,1,0,0,0
449,1,0,0.0625,0.037589698,0,0,1,0.3
450,1,1,0.65,0.059532035,1,0,0,0
451,0,1,0.45,0.054164393,0,1,0,0.3
452,0,1,0.35,0.038972403,0,0,1,0.1
453,0,1,0.375,0.054164393,1,0,0,0
454,1,1,0.6125,0.173919816,1,0,0,0.1
455,0,1,0.35,0.015712554,0,0,1,0
456,1,1,0.3625,0.015411575,0,0,1,0
457,0,1,0.8125,0.051822149,1,0,0,0
458,1,0,0.35,0.101228858,1,0,0,0.1
459,1,0,0.625,0.020494635,0,1,0,0
460,0,1,0.35,0.015126993,0,0,1,0
461,1,1,0.6,0.051822149,1,0,0,0
462,0,1,0.425,0.015712554,0,0,1,0
463,0,1,0.5875,0.075146995,1,0,0,0
464,0,1,0.6,0.02537431,0,1,0,0
465,0,1,0.35,0.015712554,0,0,1,0
466,0,1,0.475,0.013760684,0,0,1,0
467,0,1,0.35,0,0,1,0,0
468,0,1,0.7,0.051822149,1,0,0,0
469,0,1,0.35,0.015078196,0,0,1,0
470,1,0,0.009375,0.037589698,0,0,1,0.3
471,0,1,0.35,0.014151058,0,0,1,0
472,0,1,0.475,0.016908074,0,0,1,0
473,1,0,0.4125,0.054164393,0,1,0,0.3
474,1,0,0.2875,0.026919606,0,1,0,0
475,0,0,0.275,0.019201521,0,0,1,0
476,0,1,0.35,0.10149724,1,0,0,0
477,0,1,0.425,0.04098927,0,1,0,0.1
478,0,1,0.3625,0.013752486,0,0,1,0.1
479,0,1,0.275,0.014679624,0,0,1,0
480,1,0,0.025,0.023983603,0,0,1,0.1
481,0,1,0.1125,0.091542703,0,0,1,0.7
482,0,1,0.35,0,0,1,0,0
483,0,1,0.625,0.015712554,0,0,1,0
484,1,0,0.7875,0.018713554,0,0,1,0
485,1,1,0.3125,0.177774759,1,0,0,0.1
486,0,0,0.35,0.049707688,0,0,1,0.4
487,1,0,0.4375,0.175668301,1,0,0,0.1
488,0,1,0.725,0.057970539,1,0,0,0
489,0,1,0.375,0.015712554,0,0,1,0
490,1,1,0.1125,0.031034733,0,0,1,0.2
491,0,1,0.35,0.038972403,0,0,1,0.1
492,0,1,0.2625,0.014151058,0,0,1,0
493,0,1,0.6875,0.059532035,1,0,0,0
494,0,1,0.8875,0.096625763,1,0,0,0
495,0,1,0.2625,0.015712554,0,0,1,0
496,0,1,0.35,0.028220722,0,0,1,0
497,1,0,0.675,0.152766424,1,0,0,0.1
498,0,1,0.35,0.029473237,0,0,1,0
499,0,0,0.3125,0.2958059,1,0,0,0.3
500,0,1,0.3,0.015216388,0,0,1,0
501,0,1,0.2125,0.016908074,0,0,1,0
502,0,0,0.2625,0.015126993,0,0,1,0
503,0,0,0.35,0.014891207,0,0,1,0
504,0,0,0.4625,0.018713554,0,0,1,0
505,1,0,0.2,0.168836756,1,0,0,0
506,0,1,0.225,0.212558644,1,0,0,0.1
507,1,0,0.4125,0.05074862,0,1,0,0.2
508,1,1,0.35,0.051822149,1,0,0,0
509,0,1,0.35,0.043965872,0,0,1,0
510,1,1,0.325,0.110272458,0,0,1,0
511,1,1,0.3625,0.015126993,0,0,1,0
512,0,1,0.35,0.015712554,0,0,1,0
513,1,1,0.45,0.051309783,1,0,0,0
514,1,0,0.675,0.115941079,1,0,0,0.1
515,0,1,0.3,0.014630827,0,0,1,0
516,0,1,0.5875,0.066404179,1,0,0,0
517,1,0,0.425,0.020494635,0,1,0,0
518,0,1,0.35,0.047137661,0,0,1,0
519,1,0,0.45,0.05074862,0,1,0,0.1
520,0,1,0.4,0.015411575,0,0,1,0
521,1,0,0.375,0.182499846,1,0,0,0
522,0,1,0.275,0.015411575,0,0,1,0
523,0,1,0.35,0.014102261,0,0,1,0
524,1,0,0.55,0.113167862,1,0,0,0.1
525,0,1,0.35,0.014110459,0,0,1,0
526,0,1,0.50625,0.015126993,0,0,1,0
527,1,0,0.625,0.020494635,0,1,0,0
528,0,1,0.35,0.432884169,1,0,0,0
529,0,1,0.4875,0.01546857,0,0,1,0
530,0,1,0.2875,0.022446505,0,1,0,0.3
531,1,0,0.025,0.05074862,0,1,0,0.2
532,0,1,0.35,0.014110459,0,0,1,0
533,0,1,0.2125,0.014110459,0,0,1,0.2
534,1,0,0.35,0.043640495,0,0,1,0.2
535,0,0,0.375,0.016908074,0,0,1,0
536,1,0,0.0875,0.051236588,0,1,0,0.2
537,0,1,0.5625,0.051822149,1,0,0,0
538,1,0,0.375,0.207727766,1,0,0,0
539,0,1,0.35,0.028302115,0,0,1,0
540,1,0,0.275,0.096617565,1,0,0,0.2
541,1,0,0.45,0.138582771,1,0,0,0.2
542,0,0,0.1125,0.061044735,0,0,1,0.6
543,0,0,0.1375,0.061044735,0,0,1,0.6
544,1,1,0.4,0.05074862,0,1,0,0.1
545,0,1,0.625,0.207727766,1,0,0,0.1
546,0,1,0.8,0.05074862,1,0,0,0
547,1,0,0.2375,0.05074862,0,1,0,0.1
548,1,1,0.35,0.027057798,0,1,0,0
549,0,1,0.4125,0.040062132,0,0,1,0.2
550,1,1,0.1,0.071731223,0,1,0,0.2
551,1,1,0.2125,0.216429788,1,0,0,0.2
552,0,1,0.3375,0.05074862,0,1,0,0
553,0,1,0.35,0.015281581,0,0,1,0
554,1,1,0.275,0.014102261,0,0,1,0
555,1,0,0.275,0.015175789,0,0,1,0
556,0,1,0.775,0.051822149,1,0,0,0
557,1,0,0.6,0.077294052,1,0,0,0.1
558,0,1,0.35,0.444099224,1,0,0,0
559,1,0,0.4875,0.155466446,1,0,0,0.2
560,1,0,0.45,0.033962538,0,0,1,0.1
561,0,1,0.35,0.015126993,0,0,1,0
562,0,1,0.5,0.015411575,0,0,1,0
563,0,1,0.35,0.026350245,0,1,0,0
564,0,1,0.35,0.015712554,0,0,1,0
565,0,0,0.35,0.015712554,0,0,1,0
566,0,1,0.3,0.047137661,0,0,1,0.2
567,0,1,0.2375,0.015411575,0,0,1,0
568,0,0,0.3625,0.04113566,0,0,1,0.4
569,0,1,0.35,0.014110459,0,0,1,0
570,1,1,0.4,0.015330377,0,0,1,0
571,1,1,0.775,0.020494635,0,1,0,0
572,1,0,0.6625,0.100480707,1,0,0,0.2
573,1,1,0.45,0.05150497,1,0,0,0
574,1,0,0.35,0.015126993,0,0,1,0
575,0,1,0.2,0.015712554,0,0,1,0
576,0,1,0.2375,0.028302115,0,0,1,0
577,1,0,0.425,0.02537431,0,1,0,0
578,1,0,0.4875,0.109109533,1,0,0,0.1
579,0,0,0.35,0.028220722,0,0,1,0.1
580,1,1,0.4,0.01546857,0,0,1,0
581,1,0,0.3125,0.0585561,0,1,0,0.2
582,1,0,0.4875,0.216429788,1,0,0,0.2
583,0,1,0.675,0.05074862,0,1,0,0
584,0,1,0.45,0.078318784,1,0,0,0
585,0,1,0.35,0.017005667,0,0,1,0
586,1,0,0.225,0.155466446,1,0,0,0.2
587,0,1,0.5875,0.02927805,0,1,0,0
588,1,1,0.75,0.154588105,1,0,0,0.2
589,0,1,0.275,0.015712554,0,0,1,0
590,0,1,0.35,0.015712554,0,0,1,0
591,0,1,0.4375,0.013907074,0,0,1,0
592,1,0,0.65,0.152766424,1,0,0,0.1
593,0,1,0.5875,0.014151058,0,0,1,0
594,0,0,0.35,0.015126993,0,0,1,0.2
595,0,1,0.4625,0.05074862,0,1,0,0.1
596,0,1,0.45,0.047137661,0,0,1,0.2
597,1,0,0.35,0.06441171,0,1,0,0
598,0,1,0.6125,0,0,0,1,0
599,0,1,0.35,0.014102261,0,0,1,0
600,1,1,0.6125,0.111118398,1,0,0,0.1
601,1,0,0.3,0.05270049,0,1,0,0.3
602,0,1,0.35,0.015411575,0,0,1,0
603,0,1,0.35,0.082759288,1,0,0,0
604,0,1,0.55,0.015712554,0,0,1,0
605,1,1,0.4375,0.051822149,1,0,0,0
606,0,1,0.45,0.030351579,0,0,1,0.1
607,0,1,0.375,0.015411575,0,0,1,0
608,1,1,0.3375,0.059532035,1,0,0,0
609,1,0,0.275,0.081157193,0,1,0,0.3
610,1,0,0.5,0.299538851,1,0,0,0
611,0,0,0.4875,0.061044735,0,0,1,0.6
612,0,1,0.35,0.013760684,0,0,1,0
613,1,0,0.35,0.030253985,0,0,1,0.1
614,0,1,0.35,0.015126993,0,0,1,0
615,0,1,0.4375,0.015712554,0,0,1,0
616,1,0,0.3,0.126871551,0,1,0,0.3
617,0,1,0.425,0.028106928,0,0,1,0.2
618,0,0,0.325,0.031425107,0,0,1,0.1
619,1,0,0.05,0.07612293,0,1,0,0.3
620,0,1,0.325,0.020494635,0,1,0,0
621,0,1,0.3375,0.028212719,0,0,1,0.1
622,1,1,0.525,0.102578967,1,0,0,0.1
623,1,1,0.25,0.030725752,0,0,1,0.2
624,0,1,0.2625,0.015330377,0,0,1,0
625,0,1,0.2625,0.031425107,0,0,1,0
626,0,1,0.7625,0.063086,1,0,0,0
627,0,1,0.7125,0.024105595,0,1,0,0
628,1,0,0.2625,0.152164468,1,0,0,0
629,0,1,0.325,0.015411575,0,0,1,0
630,0,1,0.35,0.015094396,0,0,1,0
631,1,1,1,0.0585561,1,0,0,0
632,0,1,0.6375,0.013768881,0,0,1,0
633,1,1,0.4,0.059532035,1,0,0,0
634,0,1,0.35,0,1,0,0,0
635,0,0,0.1125,0.054457173,0,0,1,0.5
636,1,0,0.35,0.02537431,0,1,0,0
637,0,1,0.4,0.01546857,0,0,1,0
638,0,1,0.3875,0.051236588,0,1,0,0.2
639,0,0,0.5125,0.077464841,0,0,1,0.5
640,0,1,0.35,0.031425107,0,0,1,0.1
641,0,1,0.25,0.015330377,0,0,1,0
642,1,0,0.3,0.135264592,1,0,0,0
643,0,0,0.025,0.054457173,0,0,1,0.5
644,1,1,0.35,0.110272458,0,0,1,0
645,1,0,0.009375,0.037589698,0,0,1,0.3
646,1,1,0.6,0.149765424,1,0,0,0.1
647,0,1,0.2375,0.015411575,0,0,1,0
648,1,1,0.7,0.069291385,1,0,0,0
649,0,1,0.35,0.014736619,0,0,1,0
650,1,0,0.2875,0.014736619,0,0,1,0
651,0,1,0.35,0.015411575,0,0,1,0
652,1,0,0.225,0.04489301,0,1,0,0.1
653,0,1,0.2625,0.016460705,0,0,1,0
654,1,0,0.35,0.015281581,0,0,1,0
655,0,0,0.225,0.013175123,0,0,1,0
656,0,1,0.3,0.143462446,0,1,0,0.2
657,0,1,0.35,0.015411575,0,0,1,0
658,0,0,0.4,0.030253985,0,0,1,0.2
659,0,1,0.2875,0.02537431,0,1,0,0
660,0,1,0.725,0.221098075,1,0,0,0.2
661,1,1,0.625,0.260867427,1,0,0,0.2
662,0,1,0.5,0.014102261,0,0,1,0
663,0,1,0.5875,0.049943474,1,0,0,0
664,0,1,0.45,0.014630827,0,0,1,0
665,1,1,0.25,0.01546857,0,0,1,0.1
666,0,1,0.4,0.143462446,0,1,0,0.2
667,0,1,0.3125,0.02537431,0,1,0,0
668,0,1,0.35,0.015175789,0,0,1,0
669,0,1,0.5375,0.015712554,0,0,1,0
670,1,0,0.35,0.10149724,1,0,0,0.1
671,1,0,0.5,0.07612293,0,1,0,0.2
672,0,1,0.3875,0.10149724,1,0,0,0.1
673,0,1,0.875,0.020494635,0,1,0,0
674,1,1,0.3875,0.02537431,0,1,0,0
675,0,1,0.35,0,0,1,0,0
676,0,1,0.225,0.015175789,0,0,1,0
677,0,1,0.30625,0.015712554,0,0,1,0
678,1,0,0.225,0.019209719,0,0,1,0
679,0,0,0.5375,0.091542703,0,0,1,0.7
680,1,1,0.45,1,1,0,0,0.1
681,0,0,0.35,0.015883342,0,0,1,0
682,1,1,0.3375,0.149765424,1,0,0,0
683,0,1,0.25,0.018006001,0,0,1,0
684,0,1,0.175,0.091542703,0,0,1,0.7
685,0,1,0.75,0.07612293,0,1,0,0.2
686,0,1,0.3125,0.081157193,0,1,0,0.3
687,0,1,0.175,0.077464841,0,0,1,0.5
688,0,1,0.2375,0.019852079,0,0,1,0
689,0,1,0.225,0.015216388,0,0,1,0
690,1,0,0.1875,0.412503328,1,0,0,0.1
691,1,1,0.3875,0.11125659,1,0,0,0.1
692,1,0,0.05,0.026187654,0,0,1,0.1
693,1,1,0.35,0.110272458,0,0,1,0
694,0,1,0.3125,0.014102261,0,0,1,0
695,0,1,0.75,0.051822149,1,0,0,0
696,0,1,0.65,0.026350245,0,1,0,0
697,0,1,0.55,0.015712554,0,0,1,0
698,1,0,0.35,0.015094396,0,0,1,0
699,0,1,0.6125,0.216429788,1,0,0,0.2
700,0,1,0.525,0.014931806,0,0,1,0
701,1,0,0.225,0.444099224,1,0,0,0.1
702,1,1,0.4375,0.051309783,1,0,0,0
703,0,0,0.225,0.028212719,0,0,1,0.1
704,0,1,0.3125,0.015110792,0,0,1,0
705,0,1,0.325,0.015330377,0,0,1,0.1
706,0,1,0.4875,0.05074862,0,1,0,0
707,1,0,0.5625,0.026350245,0,1,0,0
708,1,1,0.525,0.051309783,1,0,0,0
709,1,0,0.275,0.2958059,1,0,0,0
710,1,1,0.35,0.02975782,0,0,1,0.2
711,1,0,0.3,0.096625763,1,0,0,0
712,0,1,0.35,0.051822149,1,0,0,0
713,1,1,0.6,0.10149724,1,0,0,0.1
714,0,1,0.3625,0.018510169,0,0,1,0
715,0,1,0.65,0.02537431,0,1,0,0
716,0,1,0.2375,0.014931806,0,0,1,0
717,1,0,0.475,0.444099224,1,0,0,0
718,1,0,0.3375,0.020494635,0,1,0,0
719,0,1,0.35,0.030253985,0,0,1,0
720,0,1,0.4125,0.015175789,0,0,1,0
721,1,0,0.075,0.06441171,0,1,0,0.1
722,0,1,0.2125,0.013768881,0,0,1,0.1
723,0,1,0.425,0.02537431,0,1,0,0
724,0,1,0.625,0.02537431,0,1,0,0
725,1,1,0.3375,0.103644297,1,0,0,0.1
726,0,1,0.25,0.016908074,0,0,1,0
727,1,0,0.375,0.04098927,0,1,0,0.3
728,1,0,0.35,0.015102594,0,0,1,0
729,0,1,0.3125,0.05074862,0,1,0,0.1
730,0,0,0.3125,0.01546857,0,0,1,0.1
731,1,0,0.3625,0.412503328,1,0,0,0
732,0,1,0.1375,0.036670758,0,0,1,0
733,0,1,0.35,0,0,1,0,0
734,0,1,0.2875,0.02537431,0,1,0,0
735,0,1,0.2875,0.02537431,0,1,0,0
736,0,1,0.35625,0.031425107,0,0,1,0
737,0,0,0.6,0.067095532,0,0,1,0.4
738,1,1,0.4375,1,1,0,0,0
739,0,1,0.35,0.015411575,0,0,1,0
740,0,1,0.35,0.015411575,0,0,1,0
741,1,1,0.35,0.0585561,1,0,0,0
742,0,1,0.45,0.15390495,1,0,0,0.1
743,1,0,0.2625,0.512121894,1,0,0,0.4
744,0,1,0.3,0.031425107,0,0,1,0.1
745,1,1,0.3875,0.01546857,0,0,1,0
746,0,1,0.875,0.138582771,1,0,0,0.2
747,0,1,0.2,0.039525368,0,0,1,0.2
748,1,0,0.375,0.02537431,0,1,0,0
749,0,1,0.2375,0.103644297,1,0,0,0.1
750,0,1,0.3875,0.015126993,0,0,1,0
751,1,0,0.05,0.04489301,0,1,0,0.2
752,1,1,0.075,0.024349578,0,0,1,0.1
753,0,1,0.4125,0.018542765,0,0,1,0
754,0,1,0.2875,0.015411575,0,0,1,0
755,1,0,0.6,0.126871551,0,1,0,0.3
756,1,1,0.008375,0.028302115,0,1,0,0.2
757,0,1,0.35,0.015216388,0,0,1,0
758,0,1,0.225,0.022446505,0,1,0,0
759,0,1,0.425,0.015712554,0,0,1,0
760,1,0,0.4125,0.168836756,1,0,0,0
761,0,1,0.35,0.028302115,0,0,1,0
762,0,1,0.5125,0.013907074,0,0,1,0
763,1,1,0.25,0.014110459,0,0,1,0
764,1,0,0.45,0.234224401,1,0,0,0.3
765,0,1,0.2,0.015175789,0,0,1,0
766,1,0,0.6375,0.152164468,1,0,0,0.1
767,0,1,0.35,0.077294052,1,0,0,0
768,0,0,0.38125,0.015126993,0,0,1,0
769,0,1,0.35,0.047137661,0,0,1,0.1
770,0,1,0.4,0.016322513,0,0,1,0
771,0,1,0.3,0.018542765,0,0,1,0
772,0,1,0.6,0.015330377,0,0,1,0
773,0,0,0.7125,0.020494635,0,1,0,0
774,0,1,0.35,0.014102261,0,0,1,0
775,1,0,0.675,0.04489301,0,1,0,0.4
776,0,1,0.225,0.015126993,0,0,1,0
777,0,1,0.35,0.015126993,0,0,1,0
778,1,0,0.0625,0.024349578,0,0,1,0
779,0,1,0.35,0.015102594,0,0,1,0
780,1,0,0.5375,0.412503328,1,0,0,0.1
781,1,0,0.1625,0.014110459,0,0,1,0
782,1,0,0.2125,0.11125659,1,0,0,0.1
783,0,1,0.3625,0.0585561,1,0,0,0
784,0,1,0.35,0.045771352,0,0,1,0.3
785,0,1,0.3125,0.013760684,0,0,1,0
786,0,1,0.3125,0.014151058,0,0,1,0
787,1,0,0.225,0.014630827,0,0,1,0
788,0,1,0.1,0.056848214,0,0,1,0.5
789,1,1,0.0125,0.040159725,0,0,1,0.3
790,0,1,0.575,0.154588105,1,0,0,0
791,0,1,0.35,0.015126993,0,0,1,0
792,0,1,0.2,0.05074862,0,1,0,0
